item	site	category	subcategory	description
Repeating Crossbow	Dark Souls 3 Wiki	Weapons	Crossbows	This crossbow, customized for repeat-firing to face mobs alone, was wielded by Slave Knight Gael.
Immolation Tinder	Dark Souls 3 Wiki	Weapons	Halberds	Profaned Flame wielded by the Irithyllian witches, frigid spirits roaming the Boreal Valley.<br><br>This torch, both a weapon and a staff, is enshrouded in an everlasting flame.<br><br>Skill: Punitive Flame<br>Punish foes with a flame that blankets the ground.
Gargoyle Flame Hammer	Dark Souls 3 Wiki	Weapons	Great Hammers	Stone torch hammer wielded by gargoyles of the Profaned Capital. <br><br>The Profaned Flame, which never goes out, imbues this weapon with a fire attack.<br><br>Skill: Kindled Fury<br>Anchor weapon in earth and use strong attack to launch successive volleys of fire from the tip of the hammer.&nbsp;
Ledo's Great Hammer	Dark Souls 3 Wiki	Weapons	Great Hammers	Great Hammer wielded by the Silver Knight Ledo. Ledo's hammer is by far the heaviest weapon amongst those wielded by the knights of Anor Londo.
Dragon Tooth	Dark Souls 3 Wiki	Weapons	Great Hammers	Created from an everlasting dragon tooth that will never break.<br><br>Left by Havel himself, along with his boulder-like great shield. Grants its wielder resistance to magic and fire.<br><br>Skill: Perserverance<br>Anchor weapon in earth to temporarily boost poise. Damage reduced while activated.
Soldering Iron	Dark Souls 3 Wiki	Weapons	Spears & Pikes	Branding iron used by the jailers prowling Irithyll Dungeon.<br><br>Press its searing tip against foes to inflict fire damage, and temporarily block Estus healing.<br><br>Skill: Charge<br>Hold iron at waist and charge at foe. Use strong attack while charging to extend the length of the charge.
Greataxe	Dark Souls 3 Wiki	Weapons	Greataxes	Greataxe resembling a hunk of raw iron.<br><br>If one posesses the inhuman strength required to lift the weapon, the great heft of its attacks will send foes flying. <br><br>However, since every swing makes use of one's entire body, attacks leave the wielder wide open to retaliation.<br><br>Skill: Warcry<br>Let out a spirited warcry that temporarily boosts attack.
Arstor's Spear	Dark Souls 3 Wiki	Weapons	Spears & Pikes	One of the curses that festered within the belly of the Greatwood, and a terrible weapon favored by Earl Arstor the Impaler. <br><br>The spear is enwreathed in rotten, heavily poisonous meat. Defeating foes restores HP.<br><br>Skill: Shield Splitter<br><br>Take a large step forward and make a single focused thrust to puncture enemy shields and inflict damage.
Reinforced Club	Dark Souls 3 Wiki	Weapons	Hammers	A club made more deadly by the attachment of numerous nails to its head.&nbsp;&nbsp;<br><br>The nails allow this strike weapon to be lacerating, but the damage caused by their insertion has reduced its durability, making the weapon fragile.&nbsp;&nbsp;<br><br>Skill: Warcry&nbsp;&nbsp;<br>Let out a spirited warcry that temporarily boosts attack, and enables a special consecutive strong attack.
Warden Twinblades	Dark Souls 3 Wiki	Weapons	Curved Swords	Paired weapon wielded by the grave wardens of the Cathedral of the Deep. <br><br>The grave wardens of the cathedral, who put down reincarnating corpses, wield weapons that cause profuse bleeding, for the loss of blood and bodily fluids is said to slow reanimation. <br><br>Skill: Spin Slash <br>Slice into foes with a large spinning motion, and continue spinning to transition into strong attack.
Black Blade	Dark Souls 3 Wiki	Weapons	Katanas	A short katana wielded by the swordsman and distinguished guest of High Lord Wolnir. This shiny black blade is thick, but shorter than the typical katana.<br><br>The swordsman was a master of a rare technique, traces of which can be observed in this weapon's strong attack.<br><br>Skill: Hold<br>Assume a holding stance to rapidly execute a lunging slash with a normal attack, or a deflecting parry with a strong attack.
Gundyr's Halberd	Dark Souls 3 Wiki	Weapons	Halberds	Halberd of Gundyr the Champion, received when he was charged with his duty.<br><br>This old cast-iron halberd has the power to break poise, and is said to never crumble, seeming to suggest that Gundyr was fated to eternal service from the beginning.<br><br>Skill: Champion's Charge<br>Hold spear at waist and charge at foe, and use momentum to transition into sweeping strong attack.&nbsp;<br><br>
Crescent Axe	Dark Souls 3 Wiki	Weapons	Halberds	A crescent-shaped halberd resembling a long-handled battle axe.<br><br>Traditionally wielded by Way of White clerics.<br><br>Skill: Warcry<br>Let out a spirited warcry that temporarily boosts attack.
Four-Pronged Plow	Dark Souls 3 Wiki	Weapons	Spears & Pikes	This four-pronged plow is shaped like a fist, and is a worker's tool in the Undead Settlement.<br><br>Not originally intended for battle, but serves as a deadly weapon owing to its sharp points.<br><br>Skill: Charge<br>Hold spear at waist and charge at foe. Only, it is important to have good footing.&nbsp;
Crucifix of the Mad King	Dark Souls 3 Wiki	Weapons	Halberds	A cross spear hung with a malformed corpse.&nbsp;
Demon's Fist	Dark Souls 3 Wiki	Weapons	Fist & Claws	A demonic fist that burns with fiery essence. Its wielder can release this power through use of its Skill. When two-handed, fists are equipped in each hand.<br><br>Skill: Flame Whirlwind<br>Spin through opponents with abandon, flaming fists outstretched. Using a strong attack while spinning utilizes your momentum to slam the ground with both fists.<br><br><br><br>
Winged Spear	Dark Souls 3 Wiki	Weapons	Spears & Pikes	A long-hilted spear with winged lugs. Long reach, and can be used with shield up. Spear attacks are centered on thrusting, but can inflict high damage when timed with the end of an enemy's swing.<br><br>Skill: Charge<br>Hold spear at waist and charge at foe. Use strong attack while charging to extend the length of the charge.
Painting Guardian's Curved Sword	Dark Souls 3 Wiki	Weapons	Curved Swords	A weapon described in legends passed down amongst heretics, wielded by the Painting Guardians.<br><br>A uniquely shaped weapon with a flat tip.<br><br>Skill: Chained Dance<br>Execute relentless consecutive attacks while tracing a circle in a unique dance of deadly grace. <br><br>
Earth Seeker	Dark Souls 3 Wiki	Weapons	Ashes of Ariandel Weapons	<em>This large twin-bladed axe forged with bronze is a ceremonial weapon normally used in sacred rites. </em><br><br><em>Millwood is a land of primitive earth worship where chieftain knights served as high priests. </em><br><br><br><em>Skill: Earthen Wrath</em>
Tailbone Spear	Dark Souls 3 Wiki	Weapons	Spears & Pikes	Twisted spear favored by the wretched, failed prisoners of Irithyll Dungeon.<br><br>Crafted from a feeble tailbone, and seen as a sign of the dragons. Their screams are oft heard inside the dungeon, as they naively mutilate their unworthy flesh.<br><br>Skill: Unleash Dragon<br>Thrust the spear to unleash the strength of dragons, similar to an ancient dragon weapon, only with its power tragically faded.
Great Mace	Dark Souls 3 Wiki	Weapons	Great Hammers	Large mace wielded by the knights of the Cathedral of the Deep. <br><br>The extremely heavy strike attacks of this weapon are devastating and will break weaker shields with a single blow. Wielding such a weapon will require inhuman strength. <br><br>Skill: Perseverance <br>Anchor weapon in earth to temporarily boost poise. Damage reduced while activated.
Rotten Ghru Spear	Dark Souls 3 Wiki	Weapons	Spears & Pikes	A crude, half-rotten curved spear.<br><br>Choice weapon of the blunt-horned Ghrus, descendants of the acolytes of Farron Keep.<br><br>The rancid tip is drenched in rotten waste, making it acutely poisonous.<br><br>Skill: Charge<br>Hold spear at waist and charge at foe. Use strong attack while charging to extend the length of the charge.
Dragonslayer Spear	Dark Souls 3 Wiki	Weapons	Spears & Pikes	Cross spear associated with Ornstein the Dragonslayer. A weapon of the gods imbued with the strength of lightning.<br><br>Two-handed thrust utilizes the support of the cross and requires great might, but can pierce deep into the flesh of dragons, and send mere men flying.<br><br>Skill: Lightning Charge<br>Charge with spear at waist to enwreathe with lightning, then release bolts with final thrust.&nbsp;
Astora Greatsword	Dark Souls 3 Wiki	Weapons	Ultra Greatswords	This greatsword, bestowed only upon elite knights, is a relic of the ruined land of Astora. <br><br>Designed for a focus on thrust attacks, this sword is hard and sharp, but not unusually heavy. <br><br>Skill: Charge <br>Hold sword at waist and charge at foe. Use strong attack while charging to extend the length of the charge.
Sacred Chime of Filianore	Dark Souls 3 Wiki	Weapons	Sacred Chimes	A sacred chime blessed by Princess Filianore, matriarch of the church.
Follower Sabre	Dark Souls 3 Wiki	Weapons	Ashes of Ariandel Weapons	Great curved sword wielded by Farron Followers. Its great weight enables heavy-handed chain attacks.
Vordt's Great Hammer	Dark Souls 3 Wiki	Weapons	Great Hammers	Great Hammer wielded by Vordt, the outrider knight of the Boreal Valley. Weapon is inbued with frost, and causes frostbite.<br><br>Frost accumulates in the body causing frostbite, which saps one's health, lowers absorption, and slows stamina recovery.<br><br>Skill: Perseverance<br>Anchor weapon in earth to temporarily boost poise. Damage reduced while activated.
Sorcerer's Staff	Dark Souls 3 Wiki	Weapons	Staves	Staff used to cast sorceries. A common catalyst given to sorcerers of the Vinheim Dragon School.<br><br>Equip a catalyst to use sorceries. Sorceries must be tuned at a bonfire before use.<br><br>Skill: Steady Chant<br>Boost the strength of sorceries for a very short period. Works while equipped in either hand.<br><br>
Great Corvian Scythe	Dark Souls 3 Wiki	Weapons	Reapers	Great scythe of the forlorn souls guided&nbsp;by heretical storytellers. The Mistress of the Painted World is said to wield a great scythe herself. Great scythes inflict profuse bleeding, such that the blood splatters on the wielder.<br><br>Skill: Neck Swipe<br>This attack aims for the scruff of a foe's neck, and when successful, functions as a head shot, inflicting heavy damage.
Cathedral Knight Greatsword	Dark Souls 3 Wiki	Weapons	Ultra Greatswords	Ultra greatsword wielded by the knights of the Cathedral of the Deep.
Pyromancer's Parting Flame	Dark Souls 3 Wiki	Weapons	Ashes of Ariandel Weapons	The pyromancy flame of Livid Pyromancer Dunnel that attracts the echoes of&nbsp; death.
Shortsword	Dark Souls 3 Wiki	Weapons	Straight Swords	Small straight sword excelling in thrusting attacks.
Man-Grub's Staff	Dark Souls 3 Wiki	Weapons	Staves	Staff of the man-grubs who guard Rosaria’s Bed Chamber. Their holy symbol is formed at the tip. Wielder’s luck strengthens effects of sorceries.<br><br>The man-grubs have clearly been reborn, but as what?<br><br>Skill: Steady Chant<br>Boost the strength of sorceries for a very short period. Works while equipped in either hand.
Lucerne	Dark Souls 3 Wiki	Weapons	Halberds	A polearm with a sharp, hard pronged head that inflicts thrust attacks.<br><br>The Lucerne is wielded overhand like a hammer, or can be swung from the side to break through shields.<br><br>Skill: Spin Sweep<br>Sweep foes in a large spinning motion, and utilize momentum to transition into an overhanded strong attack smash.
Manikin Claws	Dark Souls 3 Wiki	Weapons	Fist & Claws	Weapon of the Pale Shades, assassins of the Sable Church of Londor.&nbsp;The curved claws cause heavy bleeding.<br><br>When two handed, claws are equipped to each hand.<br><br>Skill: Quickstep<br>Instantly step behind or around the side of foes. Especially effective when locked on to target.
Farron Greatsword	Dark Souls 3 Wiki	Soul Transposition	Boss Soul Weapons	Greatsword of the Abyss&nbsp;watchers&nbsp;which is atypically paired with a dagger.<br><br>The dagger&nbsp;is utilized as a wedge in the left hand while the greatsword is held in the right, a unique technique that was synonymous with the Undead&nbsp;Legion. Confounds foes the manner of wolves hunting prey.&nbsp;<br><br>Skill:&nbsp;Parry<br>Deflect an attack when timed properly and follow up with a critical hit, executed with the dagger.
Talisman	Dark Souls 3 Wiki	Weapons	Talismans	Talisman for casting miracles of the Gods. Once a very common item among the ranks of the old Way of White.<br><br>Equip a Talisman or a sacred chime to cast miracles. Miracles must be attuned at a bonfire before use.<br><br>Skill: Unfaltering Prayer<br>Temporarily increase poise while casting miracles, preventing enemy attacks from interrupting prayer. Works while equipped in either hand.
Longbow	Dark Souls 3 Wiki	Weapons	Bows	Longbow commonly used by hunters.<br><br>Arrows must be equipped in order to use bows. Up to two kinds of arrow can be equipped at a time, and these can be switched as necessary.<br><br>Skill: Puncture<br>Pull the arrow even further back for a more powerful shot that can also pierce shields.
Crow Quills	Dark Souls 3 Wiki	Weapons	Ashes of Ariandel Weapons	Thrusting sword wielded by Corvian Knights, and a special paired weapon. When twin-handed, brandish four thin-edge blades in the left hand.
Quakestone Hammer	Dark Souls 3 Wiki	Weapons	Ashes of Ariandel Weapons	A Stonehammer wielded by the Millwood Knights, with a head of naturally-formed stone.
Millwood Battle Axe	Dark Souls 3 Wiki	Weapons	Ashes of Ariandel Weapons	Battle axe wielded by Millwood Knights. Its blade is blessed by the symbol of the Ethereal Oak
Spiked Mace	Dark Souls 3 Wiki	Weapons	Great Hammers	Choice weapon of the evangelists of the Cathedral of the Deep, mentors of the dwellers of the Undead Settlement.&nbsp;Its long, sharp spikes cause great pain and bleeding.<br><br>Skill: Spin Bash<br>Bash foes with a large spinning motion, and utilize momentum to transition into an overhanded strong attack smash.
Broken Straight Sword	Dark Souls 3 Wiki	Weapons	Straight Swords	"<span style=""font-size: 12pt;"">A straight sword with a broken blade.</span><br><br><span style=""font-size: 12pt;"">A weapon with no exceptional qualities. Only a mad Hollow would choose to fight with this.</span><br><br><span style=""font-size: 12pt;"">Skill: Stance</span><br><span style=""font-size: 12pt;"">While in stance, use normal attack to break a foe's guard from below, and strong attack to slash upwards with a forward lunge. Only, neither move will appear very impressive with a broken sword.</span>"
Storm Curved Sword	Dark Souls 3 Wiki	Weapons	Curved Swords	Curved sword imbued with the strength of the Stormdrake.<br><br>The Nameless King, ally of the ancient dragons, fought beside the Stormdrake in countless battles. &nbsp;When the great beast fell, the king claimed his soul, as was the custom in the age of gods<br><br>Skill: Tornado<br>Imbue blade with the wrath of storm in a spinning motion, and follow with a strong attack to bear that wrath upon foes.
Astora Straight Sword	Dark Souls 3 Wiki	Weapons	Straight Swords	A well-crafted sword named after the ruined land.<br><br>Astora, before its fall, was a land replete with royal blood, and this weapon is both a reminder and heirloom of that era.<br><br>Skill: Stance<br>While in stance, use normal attack to break a foe's guard from below, and strong attack to slash upwards with a forward lunge.
Longsword	Dark Souls 3 Wiki	Weapons	Straight Swords	A balanced, widely-used standard straight sword. Inflicts reliable standard damage, as well as high thrust damage.
Storyteller's Staff	Dark Souls 3 Wiki	Weapons	Staves	Staff of a heretic storyteller who shares tales of the Painted World to forlorn souls.<br><br>The storytellers, too, are wretched beings with no place to go. Their bodies, souls, and even their staves are all tainted through and through.<br><br>Skill: Poison Spores<br>Expel noxious spores from the formless, parasitical things that inhabit the staff.
Crystal Sage's Rapier	Dark Souls 3 Wiki	Weapons	Thrusting Swords	Thrusting Sword with tiny crystals scattered across its blade, used by the Crystal Sages for self-defence.<br><br>The crystals boost the magic damage inflicted by the sword, and the item discovery of its wielder, fruit of the lifetime of research conducted by the sages.<br><br>Skill: Stance. <br>From stance, use normal attack to back step and execute a surprise attack, or a strong attack for consecutive thrusting.
Sage's Crystal Staff	Dark Souls 3 Wiki	Weapons	Staves	Crystal catalyst presented as a gift from the Crystal Sages to their favorite pupil, Kriemhild. <br><br>Crystal spheres devour the will of the user, and this staff increases the potency of sorceries at the cost of increased FP consumption by Skills.<br><br>Skill: Steady Chant<br>Boost the strength of sorceries for a very short period. Works while equipped in either hand.
Yorshka's Chime	Dark Souls 3 Wiki	Weapons	Sacred Chimes	A sacred chime belonging to Yorshka. Her brother, the former knight captain, presented her with this medium together with another gift: her name.<br>The ringing of the chime must have done much to soothe her loneliness.<br><br>Skill: Gentle Prayer<br>Recovers HP for a period of time, albeit extremely slowly. Works while equipped in either hand.
Saint's Talisman	Dark Souls 3 Wiki	Weapons	Talismans	Medium for casting miracles of the Gods. Ivory talismans are given only to women clerics, and faith greatly affects their effectiveness.<br><br>There is a certain frailty to this talisman, which undermines the steadfastness granted by its Skill.<br><br>Skill: Unfaltering Prayer<br>Temporarily increases poise while casting miracles, preventing enemy attacks from interrupting prayer. Works while equipped in either hand.
Crescent Moon Sword	Dark Souls 3 Wiki	Weapons	Curved Swords	Ringfinger Leonhard's weapon of choice, a type of shotel imbued with the power of the moon.<br><br>Leonhard set out on a journey of rebirth, but decided instead to serve the goddess as a knight, and inherited this weapon.&nbsp;<br><br>Skill: Crescent Blade<br>Assume a broad stance and fire off crescent moon blades.&nbsp;
Black Knight Greatsword	Dark Souls 3 Wiki	Weapons	Ultra Greatswords	Ultra greatsword wielded by the Black Knights who wander the lands. Designed to face chaos demons.<br><br>The Black Knights constantly faced foes larger than themselves, and this sword's unique attack greatly reduces enemy poise.&nbsp;
Bandit's Knife	Dark Souls 3 Wiki	Weapons	Daggers	A wide single-edged shortsword.<br><br>Primarily a slicing weapon, but its blade is crafted to cause bleeding, making it a favorite of lowly thieves and bandits.<br><br>Skill: Quickstep<br>Instantly step behind or around the side of foes. Especially effective when locked on to target.
Winged Knight Halberd	Dark Souls 3 Wiki	Weapons	Halberds	Halberd wielded by the Winged Knights, who swore themselves to the Angels.<br><br>The thick, heavy, bloodstained blade can only be swung by one with inhuman strength.<br><br>Skill: Chain Spin<br>Sweep foes in a large spinning motion and use strong attack to continue the motion until stamina is exhausted.
Rose of Ariandel	Dark Souls 3 Wiki	Soul Transposition	Boss Soul Weapons	A flail used by the bulbous Father of the Painted World to shred his own skin, producing blood to appease the flame. Both a weapon and a miracle catalyst.
Smough's Great Hammer	Dark Souls 3 Wiki	Weapons	Great Hammers	Twisted great Hammer associated with Smough, the last knight to remain at his post, guarding the ruined cathedral.<br><br>Restore HP while attacking, a carryover from Smough's past as an executioner.<br><br>Skill: Perseverance<br>Anchor weapon in earth to temporarily boost poise. Damage reduced while activated.
Great Club	Dark Souls 3 Wiki	Weapons	Great Hammers	Wood club fashioned from the branch of a giant tree. Requires considerable strength to wield.<br><br>A hard, durable weapon. Its weight makes it easier to break the guard of shields.<br><br>Skill: Warcry<br>Let out a spirited warcry that temporarily boosts attack, and enables special consecutive strong attack.
Murakumo	Dark Souls 3 Wiki	Weapons	Curved Greatswords	The curved greatsword of Alva, Seeker of the Spurned, specially forged in an eastern land. Sharp but heavy, this sword requires extreme strength and dexterity to wield.<br><br>The search for the spurned had no end, and so the wayfaring knight warmed to a most deformed weapon.<br><br>Skill: Spin Slash<br>Slice into foes with a large spinning motion, and continue spinning to transition into a strong attack.
Spotted Whip	Dark Souls 3 Wiki	Weapons	Whips	Whip mottled with venomous-looking spots. Favored by some female pyromancers of the Great Swamp.<br><br>As its noxious appearance would suggest, damage from this whip poisons its victims, slowly but surely guiding them to their deaths.<br><br>Skill: Impact<br>Strike from the left to evade shields and deal a stinging blow that temporarily slows stamina recovery. The shackles of bondage lie deep in the hearts of all humankind.
Battle Axe	Dark Souls 3 Wiki	Weapons	Axes	Easily-wielded axe crafted for battle and inflicting standard damage.<br><br>It's weight can be used to inflict high damage, but must be used carefully as it leaves its wielder open to retaliation.<br><br>Skill: Warcry<br>Let out a spirited warcry that temporarily boosts attack.
Anri's Straight Sword	Dark Souls 3 Wiki	Weapons	Straight Swords	Sword precious to Anri, another Unkindled. The dullest type of blade found in the ruined land of Astora.<br><br>Only, it was once the sword of an earnest noble figure, and its attacks are boosted by that elusive, essential property unique to humans: luck.<br><br>Skill: Stance<br>While in stance, use normal attack to break a foe's guard from below, and strong attack to slash upwards with a forward lunge.
Storm Ruler	Dark Souls 3 Wiki	Weapons	Greatswords	Greatsword with a broken blade, also known as the Giantslayer for the residual strength of storm that brings giants to their knees.<br><br>Yhorm the Giant once held two of these, but gave one to the humans that doubted him, and left the other to a dear friend before facing his fate as a Lord of Cinder.<br><br>Skill: Storm King<br>Assume stance to imbue sword with storm. Most effective when facing giants.
Warpick	Dark Souls 3 Wiki	Weapons	Hammers	A war hammer with a long prolonged head.Was originally a pickaxe, but was refitted for battle. This simple but deadly weapon hits heavily with thrust damage,easily puncturing metal armor.<br><br>Skill:&nbsp;Galvanize<br>Temporarily boost stamina recovery speed by sheer force of will, perhaps as a channeling of the original owners industrious efforts.
Moonlight Greatsword	Dark Souls 3 Wiki	Weapons	Greatswords	Legendary dragon weapon associated with Seath the paledrake.<br><br>Charge strong attack to its limit to unleash moonlight wave.<br><br>Oceiros, the Consumed King, was infatuated with the search for moonlight, but in the end, it never revealed itself to him.<br><br>Skill: Moonlight Vortex<br>Draw sword back and thrust to unleash torrential moonlight.&nbsp;
Corvian Greatknife	Dark Souls 3 Wiki	Weapons	Daggers	Dagger of the unwanted, those guided by heretical storytellers. <br><br>A rather large dagger with a powerful attack, but this transparent attempt to intimidate foes reveals much about its owner's fears.<br><br>Skill: Blind Spot<br>Use against shielded foes to break through their guard by attacking from the side.
Black Knight Glaive	Dark Souls 3 Wiki	Weapons	Halberds	Glaive of the black knights who wander the lands. Used to face chaos demons.<br><br>The unique attack of this glaive greatly reduces enemy poise, reflecting the tremendous size of the enemies that the knights have fearlessly faced.<br><br>Skill: Spin Sweep<br>Sweep foes in a large spinning motion, and utilize momentum to transition into an overhanded strong attack.&nbsp;<br><br>
Mendicant's Staff	Dark Souls 3 Wiki	Weapons	Staves	A staff with a small bowl attached to the tip, similar to a mendicant's crook.&nbsp;Absorb additional souls from fallen foes.<br><br>The staff's history is unclear. It may be a relic of an ancient serpent's greed, or a ritual artifact used to summon souls.<br><br>Skill: Steady Chant<br>Boost the strength of sorceries for a very short period. Works while equipped in either hand.
Dragonslayer Greatbow	Dark Souls 3 Wiki	Weapons	Greatbows	Greatbow used by the Dragonslayers during the age of gods. Far greater in size than any normal bow, and far more devastating. <br><br>The bow must be anchored in the ground to be fired, a time consuming operation that leaves the operator vulnerable. Only specialized great arrows can be fired from the bow.<br><br>Skill: Puncturing Arrow<br>Masterfully fires off a great arrow that pierces through all enemies in its path, inflicting damage.
Caitha's Chime	Dark Souls 3 Wiki	Weapons	Chimes	Sacred chime blessed by Caitha, goddess of tears. <br><br>Rare even amongst Carim clerics. Affected by intelligence, a rare thing for miracle catalysts, and also agreeable with miracles that lean towards the Dark. Its existence is concealed in the name of the Archbishop, as it is anathema.<br><br>Skill: Gentle Prayer<br>Recovers HP for a period of time, albeit extremely slowly. Works while equipped in either hand.
Crystal Chime	Dark Souls 3 Wiki	Weapons	Sacred Chimes	A sacred chime, once the possession of Gertrude, the Heavenly Daughter, and defiled by the scholars of the Grand Archives.<br><br>The power of crystals granted the scholars a degree of success. In this case, their work enabled this chime to be suitable for casting both miracles and sorceries.<br><br>Skill: Gentle Prayer<br>Recovers HP for a period of time, albeit extremely slowly. Works while equipped in either hand.<br><br>
Mail Breaker	Dark Souls 3 Wiki	Weapons	Daggers	A small sword made for thrusting attacks.<br><br>This hard, edgeless sword can pierce through tough armor, and boasts a deadly critical attack.<br><br>Skill: Shield Splitter<br>Aim carefully, and attack in a large forward lunge to pierce through enemy shields and inflict damage directly.
Greatsword	Dark Souls 3 Wiki	Weapons	Ultra Greatswords	This ultra greatsword, with its thick blade, is one of the heaviest of its kind.<br><br>Highly destructive if intolerably heavy.<br><br>There would appear to be some credence to the rumors that this sword tested the true limits of human strength.<br><br>Skill: Stomp<br>Use one's weight to lunge forward with a low stance and increased poise, and follow with strong attack for a spinning slash.
Brigand Axe	Dark Souls 3 Wiki	Weapons	Axes	Axe favored by brigands of a distant land. Surprisingly sturdy battle axe that requires more strength to wield than a standard axe.<br><br>Skill: Warcry<br>Let out a spirited warcry that temporarily boosts attack.
Old Wolf Curved Sword	Dark Souls 3 Wiki	Weapons	Curved Greatswords	Curved sword bearing the soul of the old wolf that stays with the Watchdogs of Farron.<br><br>This sword, like a wolf on the prowl, boosts attack and restores HP with each consecutive hit.<br><br>Skill: Wolf Leap<br>Slice into foes with a large spinning motion, then leap out of harm's way and follow through with a strong attack.
Short Bow	Dark Souls 3 Wiki	Weapons	Bows	Standard small bow. Its size allows for quick shots. <br><br>Arrows must be equipped in order to use bows. Up to two kinds of arrow can be equipped at a time, and these can be switched between as necessary.<br><br>Skill: Rapid Fire<br>Swiftly nocks arrows with finesse after drawing the bow, allowing for consecutive shots.
Red Hilted Halberd	Dark Souls 3 Wiki	Weapons	Halberds	Long-hilted weapon mixing spear and axe. The red-hilted halberd is associated with clerics.<br><br>Can be thrust like a spear or swept sideways like an axe, making it a versatile weapon effective against multiple foes.<br><br>Skill: Perseverance<br>Assume an unfaltering stance of prayer to temporarily boost poise. Damage reduced while activated.
White Birch Bow	Dark Souls 3 Wiki	Weapons	Bows	A short bow crafted with white birch. Endowed with light-manipulating magic.
Gotthard Twinswords	Dark Souls 3 Wiki	Weapons	Straight Swords	The hunters known as the King's Black Hands&nbsp;wielded paired weapons. These belonged to Gotthard, who fled the castle.
Scholar's Candlestick	Dark Souls 3 Wiki	Weapons	Daggers	A candlestick covered in ivory scales once used by the Scholars of the Great Archives.<br><br> This served as their guiding light, as well as a tool of self-restraint. Even today, wielders of this weapon benefit from the resulting sorcery-strengthening properties.<br><br>Skill: Guiding Light<br>A candle provides a temporary source of light which reveals additional guidance.&nbsp;
Heavy Crossbow	Dark Souls 3 Wiki	Weapons	Crossbows	A large, powerful crossbow. Must be readied before firing.<br><br>Bolts must be equipped in order to use crossbows.<br>Up to two kinds of bolts can be equipped at a time, and these can be switched as necessary<br><br>Skill: Tackle<br>Lunge into a shoulder tackle, pushing back enemies to create distance.
Lothric Knight Greatsword	Dark Souls 3 Wiki	Weapons	Ultra Greatswords	Ultra greatsword of the venerable knights of Lothric. Imbued with the strength of lightning, the trademark of dragon hunting.
Morion Blade	Dark Souls 3 Wiki	Weapons	Straight Swords	A twisted sword resembling the towers of&nbsp;Londor's Sable Church. Eight branching blades&nbsp;and thorns induce bleeding.<br><br>The church's blessing makes the weapon revel in&nbsp;the agony of its owner. Heavy losses of HP boost&nbsp;attack, a curse most befitting its deformed&nbsp;appearance.<br><br>Skill: Stance<br>While in stance, use normal attack to break a&nbsp;foe's guard from below, and a strong attack to slash&nbsp;upwards with a forward lunge.
Dark Sword	Dark Souls 3 Wiki	Weapons	Straight Swords	Pitch-black straight sword of the Darkwraith, survivor of the land swallowed by darkness.<br><br>The Darkwraiths were the first red orb invaders, and originators of a unique sword technique inspired by their thick, broad blades.<br><br>Skill: Stomp<br>Use one's weight to lunge forward with a low stance and increased poise, and follow with strong attack for an upward slash.
Greatsword of Judgment	Dark Souls 3 Wiki	Weapons	Greatswords	A ceremonial sword, held in Pontiff Sulyvahn's left hand, respresenting the judgement of the moon, but with magic far closer to sorcery than any existing lunar power. Its dark blue hues, deeper than the darkest moon, reflect sorcerer Sulyvahn's true nature.<br><br>Skill: Stance of Judgment<br>Assume stance to unleash dark magic. Use normal attack for a lunging thrust, and strong attack to emit side-sweeping wave.&nbsp;
Washing Pole	Dark Souls 3 Wiki	Weapons	Katanas	A stunning, unusually long katana forged in an eastern land. <br><br>The extreme length of this blade provides immense range, but also renders the blade extremely fragile.<br><br>Skill: Hold<br>Assume a holding stance to rapidly execute a lunging slash with normal attack, or a deflective parry with strong attack.
Dragonrider Bow	Dark Souls 3 Wiki	Weapons	Bows	Longbow of the Dragonriders, who served the Old King of Want. <br><br>The Dragonriders were the Old King's royal guard, and great strength was demanded of them. Merely drawing this bow calls for inhuman strength. The worthy few who can master this bow, however, use it to devastating effect.<br><br>Skill: Puncture<br>Pull the arrow even further back for a more powerful shot that can also pierce shields.
Eleonora	Dark Souls 3 Wiki	Weapons	Axes	A strange weapon found among malformed inhabitants of the Profaned Capital.<br><br>The Profaned Flame was triggered by the curse of these women, relatives of a certain oracle, but despite their culpability, they went on living, without any cares.<br><br>Skill: Feast Bell<br>Hold up axe and wave to emit a solemn chime to temporarily make weapons lacerating, and to restore HP for each hit.
Winged Knight Twinaxes	Dark Souls 3 Wiki	Weapons	Axes	Paired beheading axes wielded by the Winged Knights, who swore themselves to the Angels.<br><br>These axes, more befitting of an executioner than a knight, are indented to fit the human body.<br><br>Skill: Chain Spin<br>Sweep foes in a large spinning motion and use strong attack to continue the motion until stamina is exhausted.<br><br>
Preacher's Right Arm	Dark Souls 3 Wiki	Weapons	Staves	The dessicated right hand of a white-faced locust that rose from the abyssal swamp, that happens to perform as a catalyst for sorcery.
Wolf Knight's Greatsword	Dark Souls 3 Wiki	Weapons	Greatswords	Greatsword of a knight&nbsp;tainted by the dark of the Abyss, and master of the wolf's blood of Farron. <br><br>The wolf knight was the first Abyss Watcher, and his sword is more punishing against creations of the abyss. <br><br>Skill: Wolf Sword <br>While in stance, use normal attack for a low spinning slash, or the strong attack to leap forward in a vertically-slashing somersault.
Glaive	Dark Souls 3 Wiki	Weapons	Halberds	This halberd with a large blade was a scythe refitted for battle.<br><br>Designed for slicing, and inflicts slash damage.<br><br>Skill: Spin Sweep<br>Sweep foes in a large spinning motion, and utilize momentum to transition into an overhanded strong attack smash.
Heretic's Staff	Dark Souls 3 Wiki	Weapons	Staves	Catalyst used by generations of heretic sorcerers.<br><br>Sorcery is a logical academic discipline, and the power of sorceries depends heavily on the caster's intelligence.<br><br>Skill: Steady Chant<br>Boost the strength of sorceries for a very short period. Works while equipped in either hand.
Chaos Blade	Dark Souls 3 Wiki	Weapons	Katanas	A cursed sword of unknown origin bearing uncanny streaks on its blade.<br><br>Attacks also damage its wielder.<br><br>The sword is not unlike a thing misshappen, granted life, but never welcome in this world. In other words, chaos itself.<br><br>Skill: Hold<br>Assume a holding stance to rapidly execute a lunging slash with normal attack, or a deflecting parry with strong attack.
Handmaid's Dagger	Dark Souls 3 Wiki	Weapons	Daggers	Dagger used by handmaids of the Profaned Capital. Each successful attack replenishes a slight amount of FP. <br><br> It is said that these women took pleasure in wounding others.<br><br>Skill: Blind Spot<br>Use against shielded foes to break through their guard by attacking from the side.&nbsp;
Hollowslayer Greatsword	Dark Souls 3 Wiki	Weapons	Greatswords	Greatsword used for a lifetime by a masked knight. Harbors the fears that lurk within the mind of Hollows, and is particularly effective against them. <br><br>Bestowed to a proper Mirrah knight long ago. Two-hand to execute special sword techniques.<br><br>Skill: Stance<br>While in stance, use normal attack to break a foe’s guard from below, and strong attack to slash upwards with a forward lunge.
Gael's Greatsword	Dark Souls 3 Wiki	Weapons	Greatswords	Greatsword of Slave Knight Gael, the only weapon that he kept with him from beginning to end.
Rapier	Dark Souls 3 Wiki	Weapons	Thrusting Swords	A lightweight thrusting sword used in noble duels employing refined techniques.<br><br>The primary attack of a thrusting sword is a series of stabs that render foes vulnerable for a devastating final thrust. Can also attack with shield up.<br><br>Skill: Stance<br>From stance, use normal attack to back step and execute a surprise attack, or strong attack for consecutive thrusting.
Dagger	Dark Souls 3 Wiki	Weapons	Daggers	Standard small dagger.<br><br>Small daggers lack power or reach, but can deal quick consecutive hits due to their light weight. Highly effective when used for critical hits, such as after parrying or attacking from behind.<br><br>Skill: Quickstep<br>Instantly step behind or around the side of foes. Especially effective when locked on to target.
Spear	Dark Souls 3 Wiki	Weapons	Spears & Pikes	Common short spear that allows attacking with shield up.<br><br>Spear attacks are centered on thrusting, but can inflict high damage when timed with the end of an enemy’s swing.<br><br>Skill: Shield Splitter<br>Take a large step forward and make a single focused thrust to puncture enemy shields and inflict damage.
Splitleaf Greatsword	Dark Souls 3 Wiki	Weapons	Halberds	<em>A long-handled greatsword that made its way from a distant land. Crafted entirely with steel, making it exceedingly heavy.</em><br><br><em>Splitleaf refers to the shape of the great blade, and its resemblance to the veins of a leaf.</em>
Yhorm's Great Machete	Dark Souls 3 Wiki	Weapons	Greataxes	Great machete wielded long ago by Yhorm the Giant.<br><br>Yhorm once lumbered on the frontlines with a greatshield. But one day, in place of his shield, a left-hand notch was added to his machete, enabling the smashing technique that would become the legacy of his later years.<br><br>Skill: Warcry<br>Let out a spirited warcry that temporarily boosts attack, and enables a crushing strong attack.&nbsp;
Irithyll Rapier	Dark Souls 3 Wiki	Weapons	Thrusting Swords	Thrusting sword bestowed upon the Outrider Knights of the Boreal Valley. This weapon is shrouded in frost, and causes frostbite.<br><br>Every Outrider Knight one day devolves into a beast, constantly hounded by Pontiff Sulyvahn's black eyes.<br><br>Skill: Shield Splitter<br>Aim carefully, and attack in a large forward lunge to pierce through enemy shields and inflict damage directly.
Butcher Knife	Dark Souls 3 Wiki	Weapons	Axes	Butcher's knife with an oddly large blade wielded by the madwoman haunting the Road of Sacrifices. <br><br>Squarely-landed hits restore HP. <br><br>Back in the Undead Settlement, the woman acquired a taste for human flesh, of which she took glee in partaking. <br><br>Skill: Sharpen <br>Sharpening the blade increases HP restored with each successful hit.
Uchigatana	Dark Souls 3 Wiki	Weapons	Katanas	A unique katana characterized by the fine craftsmanship of an eastern land where it was forged. <br><br>The finely-sharpened blade cuts flesh like butter and causes bleeding,&nbsp;but breaks easily as a result.<br><br>Skill: Hold <br>Assume a holding stance to rapidly execute a lunging slash with a normal attack, or a deflecting parry with the strong attack.
Notched Whip	Dark Souls 3 Wiki	Weapons	Whips	A whip with thorny spikes that shred slaves, causing heavy bleeding. <br><br>The Cleansing Chapel uses whips such as these in order to produce the drops and puddles to wipe clean during its rituals.<br><br>Skill: Impact<br>Strike from the left to evade shields and deal a stinging blow that temporarily slows stamina recovery. The shackles of bondage lie deep in the hearts of all humankind.
Avelyn	Dark Souls 3 Wiki	Weapons	Crossbows	An extremely rare rapid-firing crossbow.&nbsp;&nbsp;<br><br>Fires three successive bolts by means of an elaborate mechanism. Inflict heavy damage by making all three shots count.&nbsp;&nbsp;<br><br>Despite its use as a weapon, this crossbow is also a priceless work of art, and it bears resemblance to a musical instrument.&nbsp;<br><br>Skill: Tackle<br>Lunge into a shoulder tackle, pushing back enemies to create distance.&nbsp;
Drang Twinspears	Dark Souls 3 Wiki	Weapons	Spears & Pikes	Paired spears of the Drang Knights, proclaimed descendants from the land known for the legend of the Linking of the Fire. When the Drang Knights disbanded, they scattered across the lands as sellswords. They quickly became known for shieldless, aggressive tactics that struck fear in the hearts of men.<br><br>Skill: Charge<br><br>Hold spear at waist and charge at foe. Use strong attack while charging to extend the length of the charge.&nbsp;
Falchion	Dark Souls 3 Wiki	Weapons	Curved Swords	Standard curved sword and widely-used slashing weapon.<br><br>The falchion's flesh-rending slash attacks are greatly compromised against armor and tough scale-covered hides.<br><br>Skill: Spin Slash<br>Slice into foes with a large spinning motion, and continue spinning to transition into strong attack.
Wolnir's Holy Sword	Dark Souls 3 Wiki	Weapons	Greatswords	A holy sword eroded by the Abyss. When Wolnir fell to the Abyss, he was gripped by a fear of true darkness, and pleaded to the gods for the first time.<br><br>This holy sword, together with three armlets stripped from the corpses of clerics, gave him some semblance of comfort.<br><br>Skill: Wrath of the Gods<br>Thrust weapon into earth to emit powerful shockwave. The wrath of those swallowed by the Abyss is a thing to be wary of indeed.
Harpe	Dark Souls 3 Wiki	Weapons	Daggers	The large sickle-shaped body, used for severing corpses, is a worker’s tool in the Undead Settlement.<br><br>The sharp edge is on the inside of the weapon, itself designed for cutting and pulling, thus allowing for good damage against shielded foes.<br><br>Skill: Quickstep<br>Instantly step behind or around the side of foes. Especially effective when locked on to target.
Archdeacon's Great Staff	Dark Souls 3 Wiki	Weapons	Staves	Large staff bestowed upon Archdeacons of the Cathedral of the Deep.
Flamberge	Dark Souls 3 Wiki	Weapons	Greatswords	Greatsword with an undulating blade. The blade, resembling flame, was crafted to mutilate flesh and induce bleeding.<br><br>Skill: Stance<br>While in stance, use normal attack to break a foe’s guard from below, and strong attack to slash upwards with a forward lunge.<br><br>
Sniper Crossbow	Dark Souls 3 Wiki	Weapons	Crossbows	Long-range heavy crossbow used by Carim snipers.<br><br>Its lengthy base makes aiming difficult, and accurate usage requires a trained, dexterous hand.<br><br>Skill: Tackle<br>Lunge into a shoulder tackle, pushing back enemies to create distance.
Knight's Crossbow	Dark Souls 3 Wiki	Weapons	Crossbows	Crossbow used by the proud knights of Lothric. It bears an elaborate gold design.<br><br>The crossbow has been blessed with the power of lightning, in anticipation of the use of Lightning Bolts.<br><br>Skill: Tackle<br>Lunge into a shoulder tackle, pushing back enemies to create distance.
Cleric's Sacred Chime	Dark Souls 3 Wiki	Weapons	Chimes	Sacred chime for casting miracles of the Gods. Chimes such as these are often given to clerics who become Undead.<br><br>Equip a talisman or a sacred chime to cast miracles. Miracles must be attuned at a bonfire before use.<br><br>Skill: Gentle Prayer<br>Recovers HP for a period of time, albeit extremely slowly. Works while equipped in either hand.
Profaned Greatsword	Dark Souls 3 Wiki	Weapons	Ultra Greatswords	A ceremonial sword, held in Pontiff Sulyvahn's right hand, representing the Profaned Flame.<br><br>Long ago, when Sulyvahn was yet a young sorcerer, he discovered the Profaned Capital and an unfading flame below a distant tundra of Irithyll, and a burning ambition took root within him.<br><br>Skill: Profaned Flame<br>Temporarily summon the Profaned Flame. Lunge forward and use strong attack to enshroud blade in flame.
Ringed Knight Straight Sword	Dark Souls 3 Wiki	Weapons	Straight Swords	Straight sword wielded by the Ringed Knights. <br>&nbsp; &nbsp; &nbsp; &nbsp; &nbsp;The arms of early men were forged in the Abyss, and betray a smidgen of life.
Black Knight Greataxe	Dark Souls 3 Wiki	Weapons	Greataxes	Greataxe of the black knights who wander the lands. Used to face chaos demons.<br><br>The unique attack of this axe greatly reduces enemy poise, reflecting the tremendous size of the enemies that the knights have fearlessly faced.<br><br>Skill: Warcry<br>Let out a spirated warcry that temporarily boosts attack, and enables a special consecutive strong attack.&nbsp;
Bastard Sword	Dark Souls 3 Wiki	Weapons	Greatswords	A widely-used heavy greatsword normally wielded with two hands. <br><br>Broad horizontal sweeping attacks make this sword effective against multiple enemies, but unwieldy in narrow spaces.<br><br>Skill: Stomp<br>Use one's weight to lunge forward with a low stance and increased poise, and follow with a strong attack for an upward slash.
Morning Star	Dark Souls 3 Wiki	Weapons	Hammers	Hammer with a sharp spike on its pommel. One of the more barbaric cleric weapons.<br>The sharp thorns allow this strike weapon to induce bleeding.<br><br>Skill: Perseverance<br>Assume an unfaltering stance of prayer to temporarily boost poise. Damage reduced while activated.
Tailbone Short Sword	Dark Souls 3 Wiki	Weapons	Daggers	Twisted dagger&nbsp;favored by the wretched, failed prisoners of Irithyll Dungeon.
Large Club	Dark Souls 3 Wiki	Weapons	Great Hammers	Large wooden club. Requires considerable strength to wield.<br><br>Characterized by savage leaping attacks. Its weight makes it easier to break the guard of shields.<br><br>Skill: Warcry<br>Let out a spirited warcry that temporarily boosts attack, and enables a special consecutive strong attack.
Witch's Locks	Dark Souls 3 Wiki	Weapons	Whips	A whip fashioned from the black hair of a daughter of the Witch of Izalith, creator of the Flame of Chaos.<br><br>The long, shining locks woven together to create this whip are imbued with the essence of fire, which can be channeled through the use of its skill.&nbsp;<br><br>Skill: Flame Whip<br>Temporarily coat the whip in fire, the self-same fire as that which consumed the Witch herself, it is said.
Sunlight Talisman	Dark Souls 3 Wiki	Weapons	Talismans	The Knight of Sunlight's personal talisman for casting miracles of the Gods.<br><br>The talisman bears the Knight's own holy illustration, an emblem of his unwavering faith. Use of the talisman's Skill fills the user with similar steadfastness.<br><br>Skill: Unfaltering Prayer<br>Temporarily increases poise while casting miracles, preventing enemy attacks from interrupting prayer. Works while equipped in either hand.
Lothric's Holy Sword	Dark Souls 3 Wiki	Weapons	Straight Swords	Prince Lothric's straight sword, blessed by Emma with potent magic.&nbsp;<br><br>Young Lothric was meant to be a champion, and was expected to wield this platinum sword, but some things will remain distant dreams forever.<br><br>Skill: Sacred Lothric Light<br>Assume stance to imbue sword with sacred light, and use strong attack to release light &nbsp;together with a great thrust of the sword.
Club	Dark Souls 3 Wiki	Weapons	Hammers	A simple wooden club. Characterized by savage leaping attacks.<br><br>This crude bladeless strike weapon is effective against most foes, and can break the guard of a shield.<br><br>Skill: Warcry<br>Let out a spirited warcry that temporarily boosts attack, and enables a special consecutive strong attack.
Darkdrift	Dark Souls 3 Wiki	Weapons	Katanas	A cursed sword with an unseen blade, the choice weapon of Yuria of Londor.<br><br>Yuria, a mentor of the Sable Church and accomplished&nbsp;swordswoman, is said to have claimed a hundred lives with this weapon.&nbsp;<br><br>Skill: Darkdrift<br>Aim carefully, and pierce with a large forward lunge. The unseen&nbsp;blade penetrates straight through shields, for nothing can defend&nbsp;from Darkdrift.
Great Scythe	Dark Souls 3 Wiki	Weapons	Reapers	Attacks with this large scythe, normally used for crop harvesting, are effective at breaking past shields.<br><br>The magnificent sharp curved blade instills fear in opponents. Perhaps it is their survival instinct at work.<br><br>Skill: Neck Swipe<br>This attack aims for the scruff of a foe's neck, and when successful, functions as a head shot, inflicting heavy damage.
Mace	Dark Souls 3 Wiki	Weapons	Hammers	Iron hammer designed for use in battle. A common weapon for clerics.<br><br>This bladeless strike weapon is effective against most foes, and can break the guard of a shield.<br><br>Skill: Perserverance<br>Assume an unfaltering stance of prayer to temporarily boost poise. Damage reduced while activated.
Carthus Curved Sword	Dark Souls 3 Wiki	Weapons	Curved Swords	Curved sword of Carthus swordsmen. <br><br>This weapon's thick, heavy blade is crafted to cause bleeding, and requires ample strength and dexterity to wield effectively, suggesting that the swordsmen of Carthus were amongst the mightiest.<br><br>Skill: Spin Slash<br>Slice into foes with a large spinning motion, and continue spinning to transition into strong attack.
Pickaxe	Dark Souls 3 Wiki	Weapons	Great Hammers	Tool used by a miner for digging up earth. Not intended for use in battle. <br><br>Yet the strong downward swing of this tool once shattered large boulders, and easily punctures weaker armor. <br><br>Skill: Galvanize <br>Temporarily boosts stamina recovery speed by sheer force of will, which an old miner needed to get through the day.
Dragonslayer Greataxe	Dark Souls 3 Wiki	Weapons	Greataxes	Melted iron greataxe that once formed part of the Dragonslayer Armour.<br><br>Thickly imbued with the power of lightning. Use skill to draw upon the techniques used to slay the archdragons.<br><br>Skill: Falling Bolt<br>Hold axe high in the air to gather fierce lightning, and smash ground to whip the bolts to the ground.
Halberd	Dark Souls 3 Wiki	Weapons	Halberds	This long-hilted weapon mixing spear and axe is difficult to handle, requiring both strength and dexterity<br><br>Can be thrust like a spear or swept sideways like an axe, making it a versatile weapon effective against multiple foes.<br><br>Skill: Charge<br>Hold spear at waist and charge at foe. Use strong attack while charging to extend the length of the charge.
Murky Hand Scythe	Dark Souls 3 Wiki	Weapons	Daggers	A short-shafted hand scythe wielded by the murkmen who rise from the depths.<br><br>Enveloped by a black dampness, and imbued with the strength of dark
Saint Bident	Dark Souls 3 Wiki	Weapons	Spears & Pikes	A silver bident decorated by a holy symbol, formerly wielded by Saint Klimt. He discarded this weapon, that draws upon one's faith, on the day that he put his own faith behind him. <br><br>Skill: Charge <br>Hold spear at waist and charge at foe. Use strong attack while charging to extend the length of the charge.
Carthus Shotel	Dark Souls 3 Wiki	Weapons	Curved Swords	Strangely curved sword crafted to cause bleeding, wielded by Carthus swordsmen.<br><br>Shaped to sneak around the defenses of shields, this sword requires ample dexterity to wield effectively.<br><br>Skill: Spin Slash<br>Slice into foes with a large spinning motion, and continue spinning to transition into strong attack.
Onyx Blade	Dark Souls 3 Wiki	Weapons	Ashes of Ariandel Weapons	Elfriede, the eldest amongst her sisters and leader of the Sable Church, bestowed this sword to her knight.&nbsp;Only, the sword was a farewell gift, and acceptance signified the knight's resignation from Elfriede's service.
Murky Longstaff	Dark Souls 3 Wiki	Weapons	Staves	The long-handled staff wielded by the murkmen who rise from the depths.
Friede's Great Scythe	Dark Souls 3 Wiki	Soul Transposition	Boss Soul Weapons	A great scythe wielded by Sister Elfriede, with a curved blade thinly coated by Painted World frost that easily breaks the guard of shields.
Blacksmith Hammer	Dark Souls 3 Wiki	Weapons	Hammers	Metal hammer passed down amongst blacksmiths of the shrine. Serves as a strike weapon, but also excels at reducing poise and breaking the guard of a shield.<br><br>Of course, a hammer's true potential is realized in the hands of a blacksmith.<br><br>Skill: Perseverance<br>Assume an unfaltering stance of prayer to temporarily boost poise. Damage reduced while activated.
Demon's Scar	Dark Souls 3 Wiki	Weapons	Flames	This chaotic thing, the last flame kindled by a demon prince, is shaped like the claw marks of a demon.<br><br>It is both a fiery bladed weapon, and pyromancy flame.
Crow Talons	Dark Souls 3 Wiki	Weapons	Ashes of Ariandel Weapons	Talons used by Corvian Knights. Inflicts five perpendicular slashes, causing heavy bleeding.
Black Bow of Pharis	Dark Souls 3 Wiki	Weapons	Bows	A black longbow named after a hero of old, known for the unusual stance from which it is fired. <br><br>Has a longer range than standard bows, but successful usage requires a trained, dexterous hand.<br><br>Skill: Pharis Triple-shot<br>Swiftly nocks three arrows with finesse after drawing the bow, firing them simultaniously.&nbsp;
Barbed Straight Sword	Dark Souls 3 Wiki	Weapons	Straight Swords	Sword of Longfinger Kirk, the infamous Knight of Thorns. This sword's blade is lined with countless deadly thorns.<br><br>The thorns of this ominous weapon induce heavy bleeding.<br><br>Skill: Stance<br>While in stance, use normal attack to break a foe's guard from below, and strong attack to slash upwards with a forward lunge.
Valorheart	Dark Souls 3 Wiki	Weapons	Ashes of Ariandel Weapons	Weapon once wielded by the Champion of the Undead Match. A special paired set consisting of a broad sword and a lion shield.
Pontiff Knight Curved Sword	Dark Souls 3 Wiki	Weapons	Curved Swords	Curved sword wielded by the Pontiff’s knights, frigid spirits that linger in Irithyll.<br><br>The large blade appears to be eaten away by insects, making it lightweight but also brittle.<br><br>Skill:&nbsp;Frost Blade<br>Execute large spinning motion to embue blade with frost, and follow through with a strong attack that slashes with a giant blade made of frost.
Drakeblood Greatsword	Dark Souls 3 Wiki	Weapons	Greatswords	Greatsword wielded by an order of knights who venerate dragon blood.<br><br>This sword, its blade engraved with script symbolizing dragon blood, inflicts magic and lightning damage.<br><br>Skill: Stance<br>While in stance, use normal attack to break a foe’s guard from below, and strong attack to slash upwards with a forward lunge.<br><br>
Heysel Pick	Dark Souls 3 Wiki	Weapons	Hammers	Choice weapon of Yellowfinger Heysel, a Finger of Rosaria and xanthous scholar.<br><br>It`s both a weapon and sorcery staff. The gold specks are remnants of lost sorceries.<br><br>Skill: Steady Chant<br>For a short moment, boost the strength of sorceries.
Saint-tree Bellvine	Dark Souls 3 Wiki	Weapons	Chimes	Sacred chime for casting miracles of the Gods. A bellvine cut from a small saint-tree that has been meticulously tended to. <br><br>Saint-tree bellvines are customary in the far north, and allow for faster casting than ordinary sacred chimes. <br><br>Skill: Gentle Prayer <br>Recovers HP for a period of time, albeit extremely slowly. Works while equipped in either hand.
Old King's Great Hammer	Dark Souls 3 Wiki	Weapons	Great Hammers	Great Hammer of the Old Demon King.<br><br>This weapon has survived since old Izalith, and is imbued with remnants of the Chaos Flame.<br><br>Skill: Molten Perseverance<br>Anchor weapon in earth to temporarily boost poise, and use strong attack to repeatedly stab earth to trigger molten explosions.
Black Knight Sword	Dark Souls 3 Wiki	Weapons	Greatswords	Greatsword wielded by the Black Knights who wander the lands. Designed to face chaos demons.<br><br>The Black Knights constantly faced foes larger than themselves, and this sword's unique attack greatly reduces enemy poise.<br><br>Skill: Perseverance<br>Raise sword in the name of the First Lord to temporarily boost poise. Damage reduces while activated.
Brigand Twindaggers	Dark Souls 3 Wiki	Weapons	Daggers	These paired daggers are the preferred weapons of the brigands of a distant land. <br><br>When two-handed, the wielder holds a blade in each hand, allowing for divergent attacks that include left-handed moves. <br><br>Skill: Quickstep <br>Instantly step behind or around the side of foes. Especially effective when locked on to target.
Hand Axe	Dark Souls 3 Wiki	Weapons	Axes	A crude hand-axe that serves both as a weapon, and a tool of many uses.<br><br>Favored by pyromancers of the Great Swamp, this axe has a short range but only moderate weight, and reasonable damage. Easily wielded, and more powerful than it appears.<br><br>Skill: Warcry<br>Let out a spirited warcry that temporarily boosts attack.
Thrall Axe	Dark Souls 3 Wiki	Weapons	Axes	Small hand axe used by Lothric slaves. <br><br>A cunning weapon for a cunning lot, this axe is quick and deadly.<br><br>Skill: Quickstep<br>Instantly step behind or around the side of foes. Especially effective when locked on to target.
Executioner's Greatsword	Dark Souls 3 Wiki	Weapons	Greatswords	Greatsword of a debauched executioner used for beheadings. <br><br>This sword retains a keen memory of its executioner's duty, and absorbs FP from each fallen foe. <br><br>Skill: Stomp <br>Use one's weight to lunge forward with a low stance and increased poise, and follow with strong attack for a spinning slash.
Aquamarine Dagger	Dark Souls 3 Wiki	Weapons	Daggers	A dagger fitted with aquamarine crystal.<br><br>Engraved with a prayer in the old tongue to ward off incident. Perhaps it was a parting gift given to one sent off on great travels.
Pyromancy Flame	Dark Souls 3 Wiki	Weapons	Flames	Flame catalyst used by pyromancers. <br><br>Equip a pyromancy flame to utilize pyromancy. Pyromancies must be attuned at a bonfire before use.<br><br>Skill: Combustion<br>Creates a powerful flame in the wielder's hand. One of the most basic pyromancies, and for this very reason, the flame created is fierce. Works while equipped in either hand.
Gargoyle Flame Spear	Dark Souls 3 Wiki	Weapons	Spears & Pikes	Stone torch spear wielded by gargoyles of the Profaned Capital.<br><br>The Profaned Flame, which never goes out, imbues this weapon with a fire attack.&nbsp;<br><br>Skill: Kindled Charge<br>Hold spear at waist and charge at foe, using the momentum to transition to a fiery strong attack.&nbsp;
Twin Princes' Greatsword	Dark Souls 3 Wiki	Weapons	Greatswords	Sword forged from the reunion of the inseparable swords born from the souls of Lothric and Lorian, the twin princes.<br><br>Their union is rooted in a curse, and perpetuated by grief.<br><br>Skill: Sacred Light and Flame<br>While in stance, use normal attack to cast Sacred Lothric Light, and strong attack to cast Flame of Lorian.&nbsp;
Dark Hand	Dark Souls 3 Wiki	Weapons	Fist & Claws	Weapon that allows its wielder to evoke an art unique to Londor, the land of the Hollow. It is also said to be an ancient relic of a Primordial Serpent.<br><br>The Dark Hand mercilessly saps the essence of its victims, and can also double as a special shield. Cannot be used two-handed.<br><br>Skill: Lifedrain<br>Embrace the victim and steal their HP. Can only be used against humans.&nbsp;
Claw	Dark Souls 3 Wiki	Weapons	Fist & Claws	Weapon favored by intelligencers of an eastern land. The lacerations it infllicts do not mend easily.<br><br>When two-handed, claws are equipped to each hand.<br><br>Skill: Leaping Slash<br>Perform a forward leaping slash at the opponent's head. When succesful, functions as a head shot, inflicting heavy damage.&nbsp;<br><br><br>
Man Serpent Hatchet	Dark Souls 3 Wiki	Weapons	Axes	Hatchet of the serpent men guarding Archdragon Peak.&nbsp;Has a unique, curved blade that can sneak past shields.<br><br>Skill: Warcry<br>Let out a spirited warcry that temporarily boosts attack, and pierce through shields to inflict direct damage.
Rotten Ghru Curved Sword	Dark Souls 3 Wiki	Weapons	Curved Swords	A crude, half-rotten curved sword.&nbsp;&nbsp;<br><br>Choice weapon of the blunt-horned Ghrus, descendants of the acolytes of Farron Keep.&nbsp;The rancid blade is drenched in rotten waste, making it acutely poisonous.<br><br>Skill: Spin Slash<br>Slice into foes with a large spinning motion, and continue spinning to transition into strong attack.
Broadsword	Dark Souls 3 Wiki	Weapons	Straight Swords	A straight sword with a broad blade designed for slashing.<br><br>A large sweeping attack makes this effective against crowds, but is prone to deflection from walls in narrow spaces.<br><br>Skill: Stance<br>While in stance, use normal attack to break a foe's guard from below, and strong attack to slash upwards with a forward lunge.
Onislayer Greatbow	Dark Souls 3 Wiki	Weapons	Greatbows	A unique greatbow handed down in an eastern land, where tales are told of its use in slaying giant horned oni.<br><br>Drawing a bow of this size takes time, and leaves the user vulnerable. Only specialized great arrows can be fired from the bow.<br><br>Skill: Puncturing Arrow<br>Masterfully fires off a great arrow that pierces through all enemies in its path, inflicting damage.
Witchtree Branch	Dark Souls 3 Wiki	Weapons	Staves	The branch of a large, well-tended witchtree, used as a sorcery catalyst.<br><br>Witchtree staves are customary in the far north, and allow for faster casting than ordinary catalysts.<br><br>Skill: Steady Chant<br>Boost the strength of sorceries for a very short period. Works while equipped in either hand.
Light Crossbow	Dark Souls 3 Wiki	Weapons	Crossbows	Standard crossbow wielded by common soldiers. Must be readied before firing.<br><br>Bolts must be equipped in order to use crossbows. Up to two kinds of bolt can be equipped at a time, and these can be switched between as necessary.<br><br>Skill: Tackle<br>Lunge into a shoulder tackle, pushing back enemies to create distance.
Zweihander	Dark Souls 3 Wiki	Weapons	Ultra Greatswords	Ultra greatsword with a large, long blade. Wielded with two hands, yet still requiring great strength due to its weight.&nbsp;<br><br>Execute powerful attacks that take advantage of its weight, or utilize its sharp blade in thrust attacks.<br><br>Skill: Stomp<br>Use one's weight to lunge forward with a low stance and increased poise, and follow with strong attack for an upward slash.
White Hair Talisman	Dark Souls 3 Wiki	Weapons	Talismans	Talisman made from a lock of white hair.<br><br>This lock of hair belonged to a deformed member of the chaos witches, mothers of the art of pyromancy. Fashioned into a talisman, it enables the wielder to cast both miracles and pyromancies.<br><br>Skill: Combustion<br>Creates a powerful flame in the wielder's hand. One of the most basic pyromancies, and for this reason, the flame created is fierce. Works while equipped in either hand.
Arbalest	Dark Souls 3 Wiki	Weapons	Crossbows	The largest crossbow, and suitably powerful for its size. <br><br>The bow string is made of metal, requiring great strength to fire. <br><br>Skill: Tackle <br>Lunge into a shoulder tackle pushing back enemies to create distance.
Dancer's Enchanted Swords	Dark Souls 3 Wiki	Weapons	Curved Swords	Paired enchanted swords that Pontiff Sulyvahn bestowed upon the Dancer of the Boreal Valley. These blades, symbollic of the Dancer's vows, are enchanted with dark magic in the right hand, and fire in the left, mirroring the Pontiff.<br><br>Skill: Dancer's Grace<br>Unleash the fury of both blades in a dancing spin motion and use strong attack to continue the performance until stamina is exhausted.&nbsp;
Sunlight Straight Sword	Dark Souls 3 Wiki	Weapons	Straight Swords	Straight sword imbued with the strength of lightning.<br><br>This featureless long sword contains the very power of the sun. Perhaps is a relic of one-sided adoration.<br><br>Skill: Oath of Sunlight<br>Raise the sword aloft when praising the sun to boost attack and damage absorption for self and allies in vicinity. The warriors of sunlight are co-operators from an ancient age.&nbsp;<br><br>
Pike	Dark Souls 3 Wiki	Weapons	Spears & Pikes	Long spear with a very long hilt. Designed for long-range thrusting. Has the longest range of the non-projectile weapons, but its very length makes it unwieldy in certain situations.<br><br>Skill: Charge<br>Hold spear at waist and charge at foe. Use strong attack while charging to extend distance.&nbsp;
Ringed Knight Paired Greatswords	Dark Souls 3 Wiki	Weapons	Ultra Greatswords	Paired black greatswords wielded by the Ringed Knights.<br>The arms of early men were forged in the Abyss, and betray a smidgen of life. For this the gods cast a seal of fire upon such weapons, and those who possessed them.
Lothric Knight Sword	Dark Souls 3 Wiki	Weapons	Straight Swords	A well-crafted straight sword designed for thrusting attacks, wielded by the venerable Knights of Lothric. <br><br>The Knights of Lothric, with their drakes, once crushed anything that threatened their shores. Of course, that was a long, long time ago.<br><br>Skill: Stance<br>While in stance, use normal attack to break a foe's guard from below, and strong attack to slash upwards with a forward lunge.&nbsp;
Great Machete	Dark Souls 3 Wiki	Weapons	Greataxes	This giant machete has a slash attack, and is a worker's tool in the Undead Settlement.<br><br>This dismantling tool was not originally intended for use in battle.<br><br>Skill: Sharpen<br>Scrape the blade to sharpen and enable a cleaner cut.
Partizan	Dark Souls 3 Wiki	Weapons	Spears & Pikes	Spear with blade attached to broad point. Long reach, and can be used with shield up. Attacks faster with shield down.<br><br>This weapon can utilize its blade for slicing attacks, and is generally adaptable to many situations, but in cramped quarters, its slices ricochet off walls.<br><br>Skill: Spin Sweep<br>Sweep foes in a large spinning motion, and utilize momentum to transition into an overhanded strong attack smash.
Yorshka's Spear	Dark Souls 3 Wiki	Weapons	Spears & Pikes	This treasure, gifted to the Yorshka Church, is enchanted with a soporific spell, and was surreptitiously worshiped by Irithyll slaves.&nbsp;<br><br>As a weapon, it is part spear and part hammer, the former allowing thrusting, and the latter allowing strikes.<br><br>Skill: Pacify<br><br>With a prayer and an offering of this spear, temporarily wear down enemy FP with each strike.
Sellsword Twinblades	Dark Souls 3 Wiki	Weapons	Curved Swords	Paired scimitars used by certain sellswords. The scimitars' sharp blades make for effective slashing attacks, but fare poorly against metal armor and tough scale-covered hides. <br><br>With a scimitar in each hand, the wielder can vary their onslaught with unique left-handed attacks when in the proper stance. <br><br>Skill: Spin Slash <br>Slice into foes with a large spinning motion, and continue spinning to transition into a strong attack
Fume Ultra Greatsword	Dark Souls 3 Wiki	Weapons	Ultra Greatswords	This twisted sword, the heaviest of all ultra greatswords, resembles black slate.<br><br>This weapon, said to belong to a traitor from long ago, was so heavy that it found no owner, and became a forgotten relic of history.<br><br>Skill: Stomp<br>Use one's weight to lunge forward with a low stance and increased poise, and follow with a crushing strong attack.
Cleric's Candlestick	Dark Souls 3 Wiki	Soul Transposition	Boss Soul Weapons	Candle stick used as both sword and catalyst. Used for worship by the Deacons of the Deep. <br><br>The deacons, under the guidance of Archdeacon McDonnell, became both Clergymen and sorcerers. <br><br>Skill: Guiding Light <br>A candle provides a temporary source of light which reveals additional guidance.
Bloodlust	Dark Souls 3 Wiki	Weapons	Katanas	Katana of the old Mound-maker.<br><br>The Mound-maker piled sacrifices upon the altar, but became the final offering himself, leaving this katana as a gift for his dear family.<br><br>Skill: Bloodlust<br>Stain blade with one’s own blood to temporarily grant uncanny sharpness. For one driven by bloodlust, nothing deserves to remain standing.
Ringed Knight Spear	Dark Souls 3 Wiki	Weapons	Spears & Pikes	Black spear wielded by the Ringed Knights.<br>The arms of early men were forged in the Abyss, and betray a smidgen of life.
Parrying Dagger	Dark Souls 3 Wiki	Weapons	Daggers	Dagger with a greatly curved guard.<br><br>A dagger made especially for parrying which is usually equipped in one's left hand in place of a shield.<br><br>Skill: Parry<br>Repel an attack at the right time to follow up with a critical hit. Works while equipped in either hand.
Morne's Great Hammer	Dark Souls 3 Wiki	Weapons	Great Hammers	Greathammer bestowed upon Carim Knights who demonstrate outstanding strength and unwavering faith. Decorated by a ward of Carim Temple, and imbued with the twisted rage of Apostle Morne.<br><br>Skill: Morne's Rage<br>Stick weapon into earth and emit a powerful shockwave. Also, similar to Perseverance, temporarily boosts poise and reduces damage received.
Estoc	Dark Souls 3 Wiki	Weapons	Thrusting Swords	Large thrusting sword used for piercing through the armor of enemies. <br><br>The sharp edge of the sword's rock-solid blade can also be used in slashing attacks.<br><br>Skill:&nbsp;Lock onto your target and hit them in a large forward lunge to pierce through enemy shields&nbsp;and inflict staggering damage.
Whip	Dark Souls 3 Wiki	Weapons	Whips	A leather whip that was never intended for use in combat.<br><br>Of little use against armor and tough scales, but quite formidable against enemies with exposed skin.<br><br>Skill: Impact<br>Strike from the left to evade shields and deal a stinging blow that temporarily slows stamina recovery. The shackles of bondage lie deep in the hearts of all humankind.
Onikiri and Ubadachi	Dark Souls 3 Wiki	Weapons	Katanas	"The hunters known as the King's Black Hands wielded paired weapons. These belonged to Kamui, who looked after the prince.<br><br>Kamui brought Onikiri with him to the Undead Settlement, where he forged Ubadachi, and was finally prepared to join the ranks of the royal hunters.<br><br>Skill:&nbsp;Onislayer<br>Leap forward and slash mercilessly with both blades, cutting open foes."""
Claymore	Dark Souls 3 Wiki	Weapons	Greatswords	An unusually large and heavy greatsword normally wielded with two hands. <br><br>This highly versatile weapon can be swung broadly or thrusted. <br><br>Skill: Stance <br>While in stance, use normal attacks to break a foe's guard from below, and strong attack to slash upwards with a forward lunge.
Greatlance	Dark Souls 3 Wiki	Weapons	Spears & Pikes	This lance features a long pole, and was originally intended to be used by knights for jousting.<br><br>This weapon is primarily used in charging attacks, and would require tremendous strength and dexterity to be handled by a mere foot soldier.<br><br>Skill: Charge<br>Hold lance at waist and charge at foe. Use strong attack while charging to extend the length of the charge.&nbsp;
Harald Curved Greatsword	Dark Souls 3 Wiki	Weapons	Greatswords	Giant gold-decorated curved sword wielded by warriors of the Harald Legion, who sought the dark soul.
Dragonslayer Swordspear	Dark Souls 3 Wiki	Soul Transposition	Boss Soul Weapons	A dragon hunting weapon from the age of the gods. The earliest form of the cross spear, serving as both a sword and a spear.<br><br>Its owner was the Nameless King, a deific hunter of dragons. The swordspear is imbued with lightning, of which he was the heir.<br><br>Skill: Falling Bolt<br><br>Hold swordspear high in the air to summon fierce lightning that descends upon distant foes.&nbsp;
Rotten Ghru Dagger	Dark Souls 3 Wiki	Weapons	Daggers	A crude, half-rotten dagger.<br><br>Choice weapon of the blunt-horned Ghrus, descendants of the acolytes of Farron Keep.<br><br>The rancid blade is drenched in rotten waste, making it acutely poisonous.<br><br>Skill: Quickstep<br>Instantly step behind or around the side of foes. Especially effective when locked on to target.
Irithyll Straight Sword	Dark Souls 3 Wiki	Weapons	Straight Swords	Straight sword bestowed upon the Outrider Knights of the Boreal Valley. This weapon is enshrouded in frost, and causes frostbite.<br><br>Every Outrider Knight one day devolves into a beast, constantly hounded by Pontiff Sulyvahn's black eyes.<br><br>Skill: Stance<br>While in stance, use normal attack to break a foe's guard from below, and strong attack to slash upwards with a forward lunge.
Izalith Staff	Dark Souls 3 Wiki	Weapons	Staves	Ancient catalyst of the Witch of Izalith and her daughters, used long before the dawn of chaos and of pyromancy.<br><br>With the birth of the Chaos Flame, the flame witches were at once both sorcerers and shamans. Faith adjusts the power of sorceries cast using this catalyst, and the staff also seems to boost the power of dark sorceries.<br><br>Skill: Steady Chant<br>Boost the strength of sorceries for a very short period. Works while equipped in either hand.
Pontiff Knight Great Scythe	Dark Souls 3 Wiki	Weapons	Reapers	Great scythe wielded by the Pontiff's knights, frigid spirits that linger in Irithyll. <br><br>The large blade appears to be eaten away by insects, making it lightweight but also brittle.<br><br>Skill: Frost<br>Create a bone-chilling frost with each swing of the great scythe that causes a temporary frost effect.
Composite Bow	Dark Souls 3 Wiki	Weapons	Bows	Composite short bow emphasizing power. Its size allows for quick shots.<br><br>Though more powerful than standard bows, it also requires more strength of the user, and its range is short.<br><br>Skill: Rapid Fire<br>Swiftly nocks arrows with finesse after drawing the bow, allowing for consecutive shots.
Great Wooden Hammer	Dark Souls 3 Wiki	Weapons	Great Hammers	This giant wooden hammer is a worker's tool in the Undead Settlement. Intended to grind flesh and bone to prepare for burial, rather than use in battle.<br><br>Skill: Spin Bash<br>Bash foes with a large spinning motion. and utilize momentum to transition into an overhanded strong attack smash.
Shotel	Dark Souls 3 Wiki	Weapons	Curved Swords	Broadly curved sword known as the favored weapon of the tragic Embraced Knight. <br><br>Shaped to sneak around the defenses of shields, this sword requires ample dexterity to wield effectively. <br><br>Skill: Spin Slash <br>Slice into foes with a large spinning motion, and follow with strong attack for a spinning vertical-slash.
Lothric Knight Long Spear	Dark Souls 3 Wiki	Weapons	Spears & Pikes	Long spear wielded by the proud Lothric Knights. Designed for long-range thrusting.&nbsp;&nbsp;<br>Lothric spear knights are known for their steadfastness, and this spear boosts the poise of its wielder.<br><br>Skill: Charge&nbsp;&nbsp;<br>Hold spear at waist and charge at foe. Use strong attack while charging to extend the length of the charge
Firelink Greatsword	Dark Souls 3 Wiki	Soul Transposition	Boss Soul Weapons	The Lords of Cinder linked the First Flame, and this Greatsword was wielded by their deific manifestation. This coiled sword, found thrust in the bonfire, existed long before the throneless lords themselves.<br><br>Skill: Ember<br>The fading flame momentarily illuminates and launches itself forward.
Scimitar	Dark Souls 3 Wiki	Weapons	Curved Swords	Small curved sword that excels in swift movements and consecutive attacks.<br><br>The scimitar's flesh-rending slash atacks are greatly compromised against armor and tough scale-covered hides.<br><br>Skill: Spin Slash<br>Slice into foes with a large spinning motion, and follow with strong attack for a spinning vertical-slash.
Canvas Talisman	Dark Souls 3 Wiki	Weapons	Talismans	Medium for casting miracles of the Gods. Canvas talismans are austere items carried by heralds.<br><br>Equip a talisman or a sacred chime to cast miracles. Miracles must be attuned at a bonfire before use.<br><br>Skill: Unfaltering Prayer<br>Temporarily increase poise while casting miracles, preventing enemy attacks from interrupting prayer. Works while equipped in either hand.
Frayed Blade	Dark Souls 3 Wiki	Weapons	Katanas	A dragon weapon symbolizing Darkeater Midir.
Sunless Talisman	Dark Souls 3 Wiki	Weapons	Talismans	Talisman given to the knights of the Sunless Realm, who serve the nameless moon.<br><br>Scales with intelligence, which is rare for a miracle catalyst, but makes it compatible with Dark. In this Sunless Realm, this fact is related first as an initial warning.<br><br>Skill: Unfaltering Prayer<br>Temporarily increases poise while casting miracles, preventing enemy attacks from interrupting prayer. Works while equipped in either hand.
Ricard's Rapier	Dark Souls 3 Wiki	Weapons	Thrusting Swords	A strikingly decorative rapier of an Undead prince spoken of in ancient stories.<br><br>Although many of the tales surrounding the prince are questionable, this thrusting weapon suggests that the stories of his graceful technique were in fact true.<br><br>Skill: Ricard's Lunge and Press<br>Assume a quick stance, lunge forward, and execute a stunning chain attack. Sustain offensive with strong attack.&nbsp;
Court Sorcerer's Staff	Dark Souls 3 Wiki	Weapons	Staves	Catalyst used by the court sorcerers of the Profaned Capital. Very powerful when wielded by an exceptionally intelligent sorcerer.<br><br>The court sorcerers laid claim to the legacy of the renowned Big Hat Logan, going so far as to emulate him with copies of the staff he used.<br><br>Skill: Steady Chant<br>Boost the strength of sorceries for a very short period. Works while equipped in either hand.
Lothric War Banner	Dark Souls 3 Wiki	Weapons	Spears & Pikes	The flagpole that once carried the Lothric crest, and guided the knights long ago.
Golden Ritual Spear	Dark Souls 3 Wiki	Weapons	Spears & Pikes	A ritual spear presented to Darkmoon Knights before Sulyvahn claimed the title of Pontiff.<br><br>Can also be used as a staff. Sorceries cast using this weapon channel the wielder's faith.<br><br>Skill: Steady Chant<br>Boost the strength of sorceries for a very short period.&nbsp;
Exile Greatsword	Dark Souls 3 Wiki	Weapons	Curved Greatswords	Bloodstained greatsword wielded by one of the Watchdogs of Farron, who preside over the slumber of fallen warriors. The blade is a reminder of the exile's past misdeeds.<br><br>Inhuman&nbsp;strength is required to wield this heaviest of curved greatswords.<br><br>Skill: Spin Slash<br>Slice into foes with a large spinning motion, and continue spinning to transition into a strong attack.
Millwood Greatbow	Dark Souls 3 Wiki	Weapons	Ashes of Ariandel Weapons	Greatbow crafted with black oak and wielded by Millwood Knights. Only specialized great arrows can be fired from the bow.
Demon's Greataxe	Dark Souls 3 Wiki	Weapons	Greataxes	This greataxe, a favorite among demons, contains the strength of fire. The demons, born of Chaos, harbor fire, and yet they are twisted and malformed, such that they were never meant to be.<br><br>Skill: Demonic Flare<br>Briefly cause flame to flare, and smash it upon earth and foes.&nbsp;<br><br><br><br>
Priest's Chime	Dark Souls 3 Wiki	Weapons	Chimes	Sacred chime for casting miracles of the Gods, of the type given to Lothric priests. To cast a miracle, the caster learns a tale of the Gods, and says a prayer to be blessed by its revelations. The faith of the supplicant affects the strength of the miracle.<br><br>Skill: Gentle Prayer<br>Recovers HP for a period of time, albeit extremely slowly. Works while equipped in either hand.<br><br>
Darkmoon Longbow	Dark Souls 3 Wiki	Weapons	Bows	Longbow of Darkmoon Gwyndolin, who was gradually devoured by Aldrich.This golden bow is imbued with powerful magic and is most impressive with Moonlight Arrows.<br><br>Skill: Darkmoon Arrow<br>Infuse a readied arrow with Darkmoon essence, granting it magic damage and the ability to pierce shields.
Carthus Curved Greatsword	Dark Souls 3 Wiki	Weapons	Curved Greatswords	Large curved sword wielded by swordsmen of Carthus.<br><br>The lightest of the curved greatswords. Crafted to cause bleeding.<br><br>Skill: Spin Slash<br>Slice into foes with a large spinning motion, and continue spinning to transition into strong attack.
Drang Hammers	Dark Souls 3 Wiki	Weapons	Hammers	Paired hammers of the Drang Knights, descendants from the land known for the legend of the Linking of the Fire.<br><br>When the Drang Knights disbanded, they scattered across the lands as sellswords. They quickly became known for shieldless, aggressive tactics that struck fear in the hearts of men.<br><br>Skill: Spin Bash<br>Bash foes with a large spinning motion, and utilize momentum to transition into an overhanded strong attack smash.
Follower Javelin	Dark Souls 3 Wiki	Weapons	Ashes of Ariandel Weapons	Light spear wielded by the Farron Followers. Balanced to allow for throwing.
Dragonslayer's Axe	Dark Souls 3 Wiki	Weapons	Axes	Axe favored by Creighton the Wanderer, infamous deserter of the Knights of Mirrah.<br><br>Called Dragonslayer's Axe for the lightning that pulsates within its blade, but Creighton used it to slay men.<br><br>Skill: Warcry<br>Let out a spirited warcry that temporarily boosts attack, and pierce through shields to inflict direct damage.
Caestus	Dark Souls 3 Wiki	Weapons	Fist & Claws	A fistfighter's weapon made from thick straps of leather studded with iron rivets.<br><br>When two-handed, caesti are equipped in each hand.<br><br>Skill: Perseverance<br>Cross arms in front of the body to temporarily boost poise. Damage reduced while activated.
